[{"id":1,"createdAt":"Mon Aug 27 2018 15:16:17 GMT+0200 (CEST)","updatedAt":"Sat Jul 02 2022 18:16:06 GMT+0300 (Москва, стандартное время)","title":"The first","content":"Lorem Ipsum 2","tags":["tag1","tag4"]},{"id":2,"title":"Second post","content":"Lorem Ipsum again","tags":["tag2","tag4"],"createdAt":"Mon Aug 27 2018 16:17:18 GMT+0200 (CEST)","updatedAt":"Mon Aug 27 2018 16:17:18 GMT+0200 (CEST)"},{"id":3,"createdAt":"Sat Jul 02 2022 17:43:10 GMT+0300 (Москва, стандартное время)","updatedAt":"Sat Jul 02 2022 17:43:10 GMT+0300 (Москва, стандартное время)","title":"test again","content":"Lorem Ipsum","tags":["tag1","tag4"]},{"id":4,"createdAt":"Sat Jul 02 2022 17:43:34 GMT+0300 (Москва, стандартное время)","updatedAt":"Sat Jul 02 2022 17:43:34 GMT+0300 (Москва, стандартное время)","title":"test again","content":"Lorem Ipsum","tags":["tag1","tag4"]},{"id":5,"createdAt":"Sat Jul 02 2022 17:44:17 GMT+0300 (Москва, стандартное время)","updatedAt":"Sat Jul 02 2022 17:44:17 GMT+0300 (Москва, стандартное время)","title":"test again","content":"Lorem Ipsum","tags":["tag1","tag4"]},{"id":6,"createdAt":"Sat Jul 02 2022 17:44:29 GMT+0300 (Москва, стандартное время)","updatedAt":"Sat Jul 02 2022 17:44:29 GMT+0300 (Москва, стандартное время)","title":"test again","content":"Lorem Ipsum","tags":["tag1","tag4"]},{"id":7,"createdAt":"Sat Jul 02 2022 17:46:16 GMT+0300 (Москва, стандартное время)","updatedAt":"Sat Jul 02 2022 17:46:16 GMT+0300 (Москва, стандартное время)","title":"test again","content":"Lorem Ipsum","tags":["tag1","tag4"]},{"id":8,"createdAt":"Sat Jul 02 2022 17:48:18 GMT+0300 (Москва, стандартное время)","updatedAt":"Sat Jul 02 2022 17:48:18 GMT+0300 (Москва, стандартное время)","title":"test again","content":"Lorem Ipsum","tags":["tag1","tag4"]},{"id":9,"createdAt":"Sat Jul 02 2022 17:49:13 GMT+0300 (Москва, стандартное время)","updatedAt":"Sat Jul 02 2022 17:49:13 GMT+0300 (Москва, стандартное время)","title":"test again","content":"Lorem Ipsum","tags":["tag1","tag4"]},{"id":10,"createdAt":"Sat Jul 02 2022 17:49:22 GMT+0300 (Москва, стандартное время)","updatedAt":"Sat Jul 02 2022 17:49:22 GMT+0300 (Москва, стандартное время)","title":"test again","content":"Lorem Ipsum","tags":["tag1","tag4"]},{"id":11,"createdAt":"Sat Jul 02 2022 17:51:48 GMT+0300 (Москва, стандартное время)","updatedAt":"Sat Jul 02 2022 17:51:48 GMT+0300 (Москва, стандартное время)","title":"test again","content":"Lorem Ipsum","tags":["tag1","tag4"]},{"id":12,"createdAt":"Sat Jul 02 2022 17:52:53 GMT+0300 (Москва, стандартное время)","updatedAt":"Sat Jul 02 2022 17:52:53 GMT+0300 (Москва, стандартное время)","title":"test again","content":"Lorem Ipsum","tags":["tag1","tag4"]},{"id":13,"createdAt":"Sat Jul 02 2022 17:53:01 GMT+0300 (Москва, стандартное время)","updatedAt":"Sat Jul 02 2022 17:53:01 GMT+0300 (Москва, стандартное время)","title":"test again","content":"Lorem Ipsum","tags":["tag1","tag4"]},{"id":14,"createdAt":"Sat Jul 02 2022 17:56:24 GMT+0300 (Москва, стандартное время)","updatedAt":"Sat Jul 02 2022 17:56:24 GMT+0300 (Москва, стандартное время)","title":"test again","content":"Lorem Ipsum","tags":["tag1","tag4"]},{"id":15,"createdAt":"Sat Jul 02 2022 17:56:40 GMT+0300 (Москва, стандартное время)","updatedAt":"Sat Jul 02 2022 17:56:40 GMT+0300 (Москва, стандартное время)","title":"test again","content":"Lorem Ipsum","tags":["tag1","tag4"]},{"id":16,"createdAt":"Sat Jul 02 2022 17:57:30 GMT+0300 (Москва, стандартное время)","updatedAt":"Sat Jul 02 2022 17:57:30 GMT+0300 (Москва, стандартное время)","title":"test again","content":"Lorem Ipsum","tags":["tag1","tag4"]},{"id":17,"createdAt":"Sat Jul 02 2022 17:57:45 GMT+0300 (Москва, стандартное время)","updatedAt":"Sat Jul 02 2022 17:57:45 GMT+0300 (Москва, стандартное время)","title":"test again","content":"Lorem Ipsum","tags":["tag1","tag4"]},{"id":18,"createdAt":"Sat Jul 02 2022 18:16:06 GMT+0300 (Москва, стандартное время)","updatedAt":"Sat Jul 02 2022 18:16:06 GMT+0300 (Москва, стандартное время)","title":"test again","content":"Lorem Ipsum","tags":["tag1","tag4"]}]